entry_threshold,stop_loss_pct,take_profit_pct,min_confidence,sharpe,max_dd_pct,total_ret_pct,n_trades
0.08,0.02,0.04,0.5,0.9954820389884415,-86.23297283995079,-62.96739672221403,1136
0.1,0.02,0.04,0.5,0.9812545324692215,-83.78438284520074,-56.31277730600779,1025
0.08,0.03,0.04,0.5,0.97240874218944,-85.83688056794892,-67.13700799428557,997
0.1,0.03,0.04,0.45,0.950035111641759,-84.5479292352797,-71.00233835076449,889
0.1,0.04,0.04,0.5,0.9433213402699896,-84.15297321215772,-62.23274670842882,792
0.1,0.03,0.04,0.5,0.9416067473083941,-83.74957410934127,-60.655320117044354,884
0.08,0.04,0.04,0.5,0.9184562473538928,-85.46076230107593,-66.12318722685524,916
0.08,0.05,0.04,0.5,0.9169588191478926,-84.64896663230341,-62.006132666218164,863
0.1,0.03,0.04,0.4,0.9116247886277264,-83.77423519593076,-72.3814548635407,913
0.1,0.05,0.04,0.5,0.9088229280950162,-83.66109256480273,-57.173284939633525,742
0.1,0.02,0.04,0.45,0.8752582150485656,-83.02286368854297,-70.37085595650368,1055
0.1,0.02,0.04,0.4,0.8672335603728744,-82.83730051024204,-72.95003597992103,1080
0.08,0.02,0.06,0.5,0.8625622690050603,-82.26527452673174,-53.97592993373368,967
0.1,0.02,0.12,0.45,0.8614732754650133,-82.48434659355513,-59.97486403489778,778
0.1,0.02,0.06,0.45,0.8612489522976421,-82.93527765162058,-63.56803232802761,891
0.1,0.02,0.06,0.5,0.8491880729332849,-81.71316926821743,-58.69129874269691,878
0.1,0.04,0.04,0.45,0.8460848198548723,-81.93822533595171,-65.45972118161767,792
0.12,0.02,0.04,0.45,0.8426278542269329,-82.0670529711617,-43.95002864592112,939
0.1,0.02,0.12,0.4,0.8419266582478514,-78.88765245092179,-56.193628443231766,782
0.1,0.03,0.06,0.45,0.8416978989089114,-81.58075303617198,-68.8685763992872,772
0.1,0.03,0.06,0.4,0.8400172385208953,-81.07140802303425,-67.23434884782547,791
0.1,0.04,0.12,0.4,0.8390874872784629,-77.61182217268554,-56.02623828868718,623
0.1,0.02,0.06,0.4,0.838492187808132,-80.96327984413665,-67.90807733303829,910
0.1,0.02,0.1,0.45,0.8361463756721659,-81.84151624191183,-66.3128390810699,785
0.1,0.03,0.12,0.45,0.8332179268219669,-81.11899566266288,-60.63295574563765,670
0.16,0.05,0.04,0.5,0.8320883331856035,-77.44504748899116,-16.81706901325971,542
0.08,0.02,0.12,0.5,0.8293655901683323,-77.52295660205321,-46.70283998347369,822
0.14,0.02,0.04,0.5,0.8280063182531242,-76.06601974550344,-18.959809429558096,813
0.1,0.03,0.06,0.5,0.827715370105706,-82.24113744864059,-63.31441664969388,769
0.1,0.04,0.04,0.4,0.827052888751548,-81.13777933977224,-68.63270352519982,812
0.08,0.03,0.06,0.5,0.825082836834639,-82.69883677847115,-59.7310081796187,860
0.1,0.04,0.06,0.45,0.8237748191250813,-79.31138023416514,-63.32482901454222,709
0.1,0.03,0.12,0.4,0.8235824592747077,-77.80340113312168,-55.42991600864317,671
0.1,0.05,0.04,0.45,0.8233862493448323,-81.31513215273756,-64.27764635151023,743
0.1,0.04,0.12,0.45,0.821183865718443,-79.29011472664884,-57.63875159617516,613
0.1,0.04,0.06,0.4,0.8173365523382903,-80.48210860300591,-68.40907420886606,723
0.1,0.03,0.08,0.45,0.817229021707033,-81.78077586300327,-65.19290054179912,712
0.14,0.02,0.04,0.45,0.816651646259181,-78.90294389581935,-16.76761757252504,876
0.1,0.04,0.1,0.4,0.816326439626397,-78.41391543722729,-62.93252030343699,636
0.1,0.02,0.08,0.45,0.8145253793285976,-79.27444427022458,-61.87448832602826,823
0.1,0.02,0.1,0.4,0.8138435260423088,-79.23923647117252,-63.4828699443009,791
0.12,0.02,0.04,0.4,0.8134940056989503,-82.13987147336121,-46.37517919331192,962
0.12,0.03,0.04,0.4,0.8115568303926233,-81.79900559763753,-51.25831995165123,813
0.12,0.02,0.04,0.5,0.811473451433667,-79.03233819913503,-39.40314792968991,906
0.1,0.02,0.08,0.4,0.811351813896394,-77.0263601795739,-60.23247058351402,830
0.1,0.03,0.08,0.4,0.8112527851548738,-79.6759124494881,-63.46362893969839,724
0.08,0.02,0.04,0.45,0.8106275275714452,-85.48114466332311,-70.28494411568774,1150
0.08,0.02,0.1,0.5,0.8070789445161706,-77.44736565103418,-50.63707013703842,832
0.16,0.02,0.04,0.45,0.8069016440738299,-77.21462968307581,-17.664933500749413,746
0.14,0.02,0.04,0.4,0.8065934363906992,-77.58809223350454,-21.30571919858616,892
0.16,0.02,0.04,0.5,0.8063360473885948,-77.10558437119285,-19.214441173007245,686
0.1,0.04,0.08,0.45,0.8019756530914285,-79.85482286022423,-63.6525820563965,650
0.1,0.04,0.1,0.45,0.8018828624442795,-78.09830572086938,-65.54765574615713,622
0.1,0.04,0.08,0.4,0.8015735493035859,-79.39785533963298,-63.38488584297988,668
0.08,0.02,0.08,0.5,0.8015554418242787,-78.02531556153713,-54.270831499082476,881
0.08,0.02,0.12,0.45,0.7989708643447755,-83.81835411928171,-64.53890628822425,860
0.1,0.05,0.12,0.45,0.7976381110987785,-79.11516953354537,-54.42087673224805,586
0.1,0.05,0.04,0.4,0.7967990842923319,-80.52061110085549,-68.11481658169691,762
0.1,0.03,0.1,0.45,0.7959602102580848,-78.38696021127707,-66.72610119254861,673
0.1,0.03,0.1,0.4,0.7950027450380953,-76.53746327640043,-62.460588876726085,681
0.1,0.02,0.12,0.5,0.7908528667731614,-76.40218430319815,-46.50789874134843,734
0.08,0.04,0.12,0.5,0.7888107675525986,-78.6272956531258,-49.63528931248954,689
0.08,0.05,0.06,0.5,0.7886892107792077,-78.71339870201693,-51.09714673693622,757
0.1,0.05,0.12,0.4,0.7883241550071821,-76.48044900477358,-57.028809433602746,595
0.08,0.02,0.06,0.45,0.7883152251178401,-83.91261242267734,-63.1773009568836,1000
0.1,0.03,0.08,0.5,0.7881893988736759,-76.76000040762165,-61.020801188127095,699
0.08,0.05,0.08,0.5,0.7854347082216524,-79.55863324406927,-55.51407600219882,702
0.08,0.03,0.12,0.45,0.7845069841432099,-82.9964268200684,-63.35492408083354,770
0.12,0.03,0.04,0.45,0.7814433135625062,-80.127923078662,-46.26292011737425,788
0.1,0.05,0.06,0.45,0.7792674186605083,-78.80886368478471,-61.48033339802424,662
0.16,0.04,0.04,0.5,0.7791870206638853,-75.85022810127735,-17.04689152764959,571
0.1,0.03,0.12,0.5,0.7789615312704379,-76.5922389932273,-49.069680397725904,658
0.1,0.05,0.08,0.45,0.7788938434776985,-80.06174763329757,-61.98872814071543,612
0.08,0.03,0.1,0.5,0.778450444506236,-77.54063773799687,-59.39373383977451,757
0.12,0.04,0.04,0.4,0.7775620805960519,-82.61381161201801,-49.68105273018497,755
0.08,0.04,0.06,0.5,0.7774872701124895,-80.20548967167845,-57.325160930554844,798
0.08,0.02,0.1,0.45,0.7774783153249537,-83.7703736948076,-64.03838318839759,864
0.08,0.03,0.12,0.5,0.7774694357746219,-77.47198793399525,-48.31321627346298,734
0.1,0.04,0.08,0.5,0.7756063364075345,-78.04845630454462,-58.65109547994163,625
0.12,0.02,0.06,0.45,0.77375977422395,-81.40261425234704,-41.654412082861015,803
0.1,0.04,0.06,0.5,0.7729207151734389,-78.60173214619341,-59.603972161040645,683
0.1,0.02,0.08,0.5,0.7728334655176381,-76.55417999022396,-51.20278413756789,792
0.16,0.03,0.04,0.5,0.7714579059674433,-74.5001770389159,-18.73908797810132,622
0.12,0.03,0.04,0.5,0.771161721046375,-80.5459086373118,-43.4152399183189,779
0.1,0.05,0.06,0.4,0.7706664480819254,-80.1664689504351,-66.21673639412045,677
0.14,0.02,0.06,0.4,0.7695938615389037,-77.00380243889991,-6.187958718116626,759
0.12,0.05,0.04,0.5,0.7672410803481845,-81.19810501648736,-39.43145850732536,658
0.16,0.05,0.04,0.45,0.7669440027249821,-77.84505063643493,-13.555904723485135,567
0.08,0.05,0.12,0.5,0.7662422996760851,-78.47017725823687,-47.772308678325295,655
0.1,0.05,0.1,0.45,0.764825288183266,-79.45839258849439,-60.667515057423806,594
0.08,0.05,0.1,0.5,0.7637925998515405,-78.89030177201191,-54.71245733106217,674
0.08,0.03,0.08,0.45,0.7634775926666933,-82.49173170794892,-62.63934692743523,819
0.16,0.03,0.04,0.45,0.7628341410636363,-74.57595819531623,-11.71088963767204,660
0.1,0.05,0.08,0.4,0.7621418996387725,-78.5481359674132,-61.578609554303256,626
0.1,0.05,0.1,0.5,0.7615646030413572,-78.57671147489317,-55.2528189303886,569
0.1,0.04,0.12,0.5,0.7605102689783394,-78.00899237244455,-48.76745386914385,582
0.08,0.04,0.08,0.5,0.7604852115548424,-80.49362569221337,-61.93557823146894,737
0.12,0.02,0.06,0.4,0.7600409914469025,-83.61666772432679,-46.65331558274022,818
0.08,0.03,0.04,0.45,0.757678936182825,-84.8580179201041,-75.48019607573167,1020
0.16,0.02,0.06,0.5,0.7576059557830176,-72.82890363239957,-16.028090000048845,575
0.12,0.04,0.04,0.5,0.7572003921444644,-81.62297970586407,-43.92048495410089,711
0.08,0.03,0.08,0.5,0.7570188182328639,-78.20896921005424,-63.448538819280365,809
0.1,0.05,0.12,0.5,0.7556994859934502,-78.56925567445523,-46.38691948232883,549
0.08,0.02,0.08,0.45,0.754645247105442,-80.78130884765382,-62.612909771352456,912
0.14,0.04,0.04,0.5,0.7515969583425813,-79.41250820625409,-14.93145201416316,645
0.1,0.05,0.06,0.5,0.7514885346631981,-78.28538501360896,-56.23217427836098,651
0.16,0.02,0.08,0.5,0.7505359099660489,-70.14976950684635,-10.92297518336498,526
0.12,0.04,0.04,0.45,0.7500822597718206,-81.25061720710359,-44.76229828569308,729
0.1,0.02,0.1,0.5,0.7467164174904612,-76.10902480479406,-52.13927833593408,751
0.16,0.02,0.04,0.4,0.7462221580069305,-75.94907510389798,-19.694190878779672,769
0.08,0.04,0.1,0.5,0.7456578094571884,-78.85250883562453,-58.30363244978073,707
0.16,0.05,0.06,0.5,0.7448452189596992,-73.98864873299217,-10.447795485046607,464
0.14,0.03,0.04,0.5,0.7434210326390346,-77.13348624151118,-18.16805233069454,709
0.1,0.05,0.1,0.4,0.7425052394115724,-77.15007437092116,-64.82963354568578,605
0.16,0.04,0.04,0.45,0.7418333093258791,-76.60084065059051,-9.232663215773284,605
0.16,0.05,0.04,0.4,0.7407164345022214,-76.94460632286109,-15.901493721601067,579
0.1,0.05,0.08,0.5,0.7405874347537412,-77.87569729402722,-50.86883087619929,585
0.12,0.05,0.04,0.4,0.7405697558376243,-81.42573125219569,-49.393780919191144,689
0.12,0.02,0.06,0.5,0.737967111082844,-77.05513650099813,-39.984989581889785,770
0.08,0.04,0.04,0.45,0.7377585084174041,-82.49109567503967,-68.89015019512948,928
0.16,0.02,0.06,0.45,0.737434593317063,-72.73406158818494,-12.545971534278898,624
0.12,0.05,0.04,0.45,0.737108479823597,-80.64482424957994,-44.67796038044898,669
0.14,0.02,0.06,0.5,0.7367082584052792,-73.67102359448222,-10.080033175990144,689
0.08,0.03,0.06,0.45,0.7357643633695737,-79.86061293231512,-59.35497340813216,879
0.1,0.03,0.1,0.5,0.7351138089939601,-76.50128455074532,-58.120500821190916,663
0.14,0.02,0.06,0.45,0.7325971650414955,-77.71542131302829,-10.289276873274734,754
0.08,0.03,0.1,0.45,0.7303063482534679,-82.98626436253977,-61.9506223695133,780
0.16,0.04,0.06,0.5,0.7296944790476442,-72.08253812057627,-12.90989316713478,482
0.14,0.05,0.04,0.4,0.7292899350004759,-78.01154033662648,-20.442477224050304,641
0.08,0.04,0.08,0.45,0.7289341119275767,-80.94952251525484,-61.28804572654947,777
0.14,0.04,0.06,0.4,0.7281833863334684,-76.6382792892645,-12.138256596765274,580
0.14,0.02,0.08,0.4,0.7261653139772862,-72.23939109339716,-4.767579069040073,671
0.14,0.05,0.04,0.5,0.7246943604802015,-77.29239878299013,-11.28915481019529,597
0.16,0.02,0.06,0.4,0.7240072358906988,-72.09810209710177,-11.77106840910589,644
0.14,0.03,0.04,0.4,0.7238870955106118,-76.2860961159226,-19.666509789827614,749
0.14,0.03,0.04,0.45,0.7227154714959017,-78.80866805162722,-14.761040881270937,736
0.14,0.03,0.06,0.4,0.7200959106283846,-75.2901565198752,-4.095415369676891,635
0.16,0.05,0.06,0.4,0.7168162692400039,-74.36256954637925,-11.957025664138376,497
0.14,0.04,0.04,0.4,0.7155799292545536,-78.27498366610887,-23.825600227016153,681
0.12,0.03,0.06,0.4,0.7153726849944912,-78.29639354830569,-47.42865335678048,686
0.12,0.05,0.12,0.4,0.715101065933194,-77.50194932028501,-36.61181461795696,519
0.12,0.04,0.06,0.4,0.7135024963878794,-79.79844156069689,-47.70516396809763,643
0.12,0.02,0.1,0.4,0.7123598754628865,-76.76912820872222,-29.189854473266486,697
0.12,0.02,0.08,0.4,0.712285147912376,-79.06956121610091,-37.74354016297511,746
0.14,0.05,0.04,0.45,0.71226910071417,-78.42942846318097,-15.123155247851816,628
0.12,0.05,0.1,0.4,0.7121071790766135,-78.36192966647427,-36.371987729998644,530
0.08,0.05,0.04,0.45,0.7119330465039897,-82.24296732395172,-66.51128937870504,878
0.16,0.04,0.06,0.4,0.7114815833732611,-73.35928426356983,-9.82076862730359,528
0.16,0.02,0.08,0.45,0.7112813446903522,-67.90340758411054,-13.627532210128358,563
0.14,0.04,0.04,0.45,0.7111702341072745,-78.90691188554739,-13.827889691446604,665
0.16,0.05,0.06,0.45,0.7108704519042545,-75.18713594630448,-7.5990494361747984,485
0.12,0.04,0.08,0.4,0.710038417507569,-81.89273516897286,-44.233627709532584,593
0.12,0.05,0.1,0.45,0.7096416750269138,-78.25229821836488,-31.760501908349468,516
0.1,0.04,0.1,0.5,0.7094377790233126,-78.01644817288252,-58.4005070464777,604
0.12,0.03,0.1,0.4,0.7093284376252953,-75.89389143891508,-34.888333500938664,601
0.12,0.02,0.12,0.45,0.7089938193686811,-77.37603527510139,-33.79746345622176,668
0.16,0.03,0.06,0.5,0.7085630712808167,-73.32482992596518,-14.842939648715092,516
0.08,0.04,0.06,0.45,0.7073750036359822,-80.21785661577515,-59.65363244059046,834
0.14,0.02,0.08,0.5,0.7070502546554858,-71.27640497764882,-6.650251665125628,617
0.14,0.05,0.06,0.4,0.706750053887874,-77.18124318147902,-11.113036283559797,550
0.16,0.04,0.04,0.4,0.7064541380811706,-75.95212850123177,-17.906999730796603,618
0.12,0.05,0.06,0.4,0.7057462624994641,-81.66256146794504,-50.191317636101004,597
0.08,0.02,0.06,0.4,0.7055634525184287,-80.70865426044506,-62.153002913241316,1015
0.08,0.02,0.1,0.4,0.7055399844931668,-78.36192271667642,-63.41632439186292,883
0.16,0.02,0.1,0.5,0.7053745706204413,-70.28624467603599,-9.69516129430491,471
0.08,0.02,0.04,0.4,0.7048462962569415,-84.05947687253003,-68.10083044770292,1178
0.08,0.04,0.1,0.45,0.7046477014445645,-81.46438947254973,-60.709034513768856,735
0.12,0.05,0.12,0.45,0.7044014876759299,-78.7926152135469,-32.22313426646875,506
0.14,0.03,0.08,0.4,0.7043162223251997,-73.61277893476363,-8.061355469785658,575
0.14,0.04,0.08,0.4,0.7040725157329387,-72.49804427294198,-10.618065296499225,531
0.12,0.03,0.12,0.4,0.7024194374244341,-77.78013787177547,-36.01171708052704,583
0.14,0.02,0.12,0.45,0.701999419235574,-73.05097338830704,-5.084276024271239,595
0.16,0.03,0.04,0.4,0.7016039497289087,-73.55797418260754,-18.910470984016094,678
0.12,0.02,0.08,0.45,0.7015665451340957,-78.01648362041878,-38.2927088430146,731
0.08,0.04,0.12,0.45,0.70124370185139,-79.77003027444266,-59.58287134062306,727
0.12,0.02,0.12,0.4,0.7002347443355612,-75.7455036002028,-31.291415134207057,672
0.08,0.05,0.08,0.45,0.6996350304940261,-81.01734138344105,-62.26408538025503,732
0.16,0.02,0.12,0.5,0.699064294572421,-70.24375330466621,-9.408011046935904,462
0.12,0.04,0.1,0.4,0.6978097037601061,-76.57453629679327,-34.647944901793146,560
0.16,0.05,0.08,0.5,0.6975983723966139,-71.95273112722361,-6.453738435421441,426
0.16,0.04,0.06,0.45,0.6974264631502382,-73.76585389294908,-4.58903315099356,514
0.14,0.02,0.08,0.45,0.6971951407094976,-72.57467368362434,-9.170699400027482,663
0.14,0.02,0.12,0.4,0.697049900294559,-72.14510633995476,-4.977092177267329,605
0.08,0.02,0.12,0.4,0.6953167408710362,-77.07379313957152,-61.88796654370125,873
0.12,0.02,0.1,0.45,0.6947530271376147,-75.79038533319857,-30.071267375251974,685
0.12,0.03,0.08,0.4,0.6935010167615673,-80.10815817553129,-42.775304508289594,640
0.08,0.05,0.1,0.45,0.6924955071079548,-81.66308782329136,-60.53531812226721,701
0.12,0.05,0.08,0.4,0.6918296259286099,-80.61289674841042,-41.228856049151055,557
0.12,0.05,0.06,0.45,0.6899249680272469,-78.98479486180577,-43.50072105823964,591
0.12,0.03,0.12,0.45,0.6898242035343257,-77.4559658596646,-38.53456384329478,577
0.12,0.03,0.06,0.45,0.688649507642497,-77.03065710629814,-46.88099951520894,678
0.16,0.03,0.06,0.4,0.6882822251374499,-72.93934686983383,-11.526651483939476,567
0.16,0.03,0.08,0.5,0.6880646408489327,-72.22447360102576,-12.83538230855774,473
0.12,0.05,0.12,0.5,0.6871043506822333,-77.69586498028804,-31.849514992486895,488
0.14,0.05,0.06,0.45,0.6858413518494201,-75.74569892986929,-12.35279450552329,545
0.12,0.03,0.1,0.45,0.6842974378573936,-74.77104565774492,-36.39375328425688,592
0.12,0.02,0.1,0.5,0.6839094679795034,-73.47485059744355,-30.703247913584086,661
0.16,0.03,0.06,0.45,0.6836465639399482,-73.35642377039419,-6.811905354769598,547
0.14,0.02,0.1,0.4,0.6828034082774725,-72.20664230399538,-5.2962384058948375,622
0.12,0.05,0.08,0.45,0.6818390501786741,-78.29609881722325,-41.58817110995474,547
0.14,0.02,0.12,0.5,0.6806162240490851,-73.22527344122936,-8.015061443590598,552
0.16,0.02,0.1,0.45,0.680559051187734,-69.8990830259048,-8.996822463198884,504
0.14,0.04,0.06,0.45,0.6801340211756486,-75.08469274124519,-12.295335949074794,576
0.16,0.02,0.08,0.4,0.6786314420320233,-66.92536922796944,-5.258040760192728,568
0.14,0.02,0.1,0.45,0.6784056756619973,-73.11250935234767,-4.658686074802909,617
0.12,0.03,0.08,0.45,0.6775747219470311,-78.09895001996605,-42.329649153192605,627
0.08,0.05,0.12,0.45,0.6770522937190369,-79.72941832664434,-61.345794576504595,697
0.12,0.03,0.06,0.5,0.6763273272592936,-73.46031081559286,-45.13740570070761,669
0.08,0.05,0.06,0.45,0.6761918757094395,-81.69766384427682,-60.960091417485465,782
0.16,0.04,0.08,0.5,0.6756464040360425,-70.9958421834304,-10.179287734447584,439
0.14,0.02,0.1,0.5,0.6755790007276424,-73.50083200857195,-8.628353499934626,573
0.14,0.03,0.1,0.4,0.6753649702986114,-71.90026861941739,-6.844793531622361,529
0.16,0.02,0.12,0.45,0.6752092601433847,-70.07061425783704,-10.861009788918219,488
0.12,0.04,0.12,0.4,0.6745393032463561,-76.76809030571093,-37.21932361612844,552
0.12,0.04,0.08,0.45,0.6729887365778315,-78.78167786467434,-42.60708546125886,579
0.14,0.05,0.08,0.4,0.6716726704936802,-73.35860708409774,-11.203321458874537,499
0.14,0.04,0.06,0.5,0.6716103798164442,-74.02713234662494,-10.879180020678502,548
0.16,0.05,0.12,0.5,0.6715934387113247,-71.06521621868268,-3.3654922854618685,384
0.14,0.05,0.06,0.5,0.6704428420520328,-73.67487276733506,-5.340872548316455,515
0.14,0.03,0.12,0.4,0.6685047635449833,-71.66531956385143,-6.083116925637555,525
0.16,0.02,0.1,0.4,0.6662561744647681,-68.92853693248955,-2.3417793980593515,517
0.12,0.04,0.06,0.45,0.6659257249258366,-76.88227836381685,-45.74532445748969,629
0.16,0.03,0.08,0.45,0.6642146881370427,-69.00473558295593,-7.244824386776538,498
0.12,0.02,0.08,0.5,0.6628850470762073,-71.65787524357322,-35.01686786812805,700
0.16,0.02,0.12,0.4,0.6627254432904252,-69.10006816442176,-3.6756112104378125,495
0.08,0.02,0.08,0.4,0.6617544324705278,-76.83274986671063,-60.0952792707468,922
0.12,0.04,0.1,0.45,0.6612864198742892,-76.89840903426307,-35.940597172849465,554
0.08,0.03,0.06,0.4,0.6607515058297664,-80.06609522634757,-57.51249722708184,889
0.12,0.02,0.12,0.5,0.6605603395606007,-72.55945226216174,-29.76444268948186,637
0.08,0.03,0.1,0.4,0.6582609430294558,-78.33033413876167,-61.506996191955075,792
0.08,0.03,0.12,0.4,0.6573610448740321,-78.40312124790266,-59.84763150427468,776
0.14,0.03,0.06,0.5,0.65654760539486,-73.5952458129635,-11.097112393210573,582
0.12,0.05,0.06,0.5,0.6559309848612412,-74.61409312192727,-39.773498478394195,577
0.12,0.04,0.12,0.45,0.6557797429468372,-77.61115187171548,-36.527120467165076,543
0.16,0.04,0.12,0.5,0.6550283137010847,-70.26357963037832,-7.8581611711793675,398
0.16,0.05,0.1,0.5,0.6515288764088836,-70.46362269212037,-6.523218073514769,391
0.16,0.04,0.1,0.5,0.6511247948499791,-69.76574547332757,-9.548451505379463,409
0.12,0.03,0.12,0.5,0.6503094228251398,-70.68941430329372,-31.196995863323828,562
0.08,0.03,0.04,0.4,0.6498376776745913,-83.45243993533522,-71.83198054840018,1046
0.14,0.04,0.08,0.5,0.6482832942578506,-69.17743361014736,-8.499116077489843,502
0.16,0.03,0.12,0.5,0.647257016897625,-70.74712331326477,-9.276181187932675,425
0.14,0.03,0.06,0.45,0.6467128840031571,-73.22382606567982,-7.185371875385604,627
0.14,0.03,0.08,0.5,0.645515288375923,-69.90747731043395,-6.678603370708169,543
0.14,0.04,0.08,0.45,0.6434914856851117,-75.23353827240607,-10.031710502400182,527
0.14,0.03,0.08,0.45,0.6415897130787644,-73.9122284907472,-9.27124070874572,573
0.14,0.05,0.08,0.5,0.6411439395146423,-71.68224750445117,-4.411037141246188,473
0.08,0.04,0.08,0.4,0.6408464164747893,-78.52169589013582,-59.82816850395343,781
0.16,0.03,0.1,0.5,0.6395859517278554,-70.74395343051074,-11.760626502320736,434
0.08,0.04,0.06,0.4,0.6392957891096253,-79.38586753925468,-59.26358567651591,847
0.16,0.04,0.08,0.45,0.6378723335186193,-68.31632682274171,-5.311679718773954,467
0.14,0.05,0.1,0.4,0.6377360624151943,-72.03495003235169,-9.289229255436027,459
0.12,0.05,0.1,0.5,0.6372356598828113,-73.36087807830785,-28.664669528606346,503
0.08,0.05,0.06,0.4,0.6368148411609115,-78.79958581412725,-61.171929021418194,795
0.16,0.03,0.08,0.4,0.636705462312361,-67.81980795151198,-4.0783965186834354,509
0.16,0.03,0.1,0.45,0.6362074743178987,-70.58684964345858,-5.721267575879818,454
0.08,0.05,0.04,0.4,0.6338737915934399,-81.04505019466595,-64.29743035282547,899
0.08,0.04,0.1,0.4,0.633300381881035,-78.64220626792002,-59.7746652378218,746
0.14,0.04,0.1,0.4,0.6326902062948179,-73.12365627203829,-8.256700303035934,483
0.08,0.04,0.04,0.4,0.6311299451150342,-83.20128750036093,-69.46564435068292,957
0.08,0.03,0.08,0.4,0.6300019893790512,-77.20445604003659,-60.909496179640186,819
0.14,0.03,0.1,0.45,0.6299026907765943,-72.45916683499931,-3.723927890764722,527
0.14,0.03,0.12,0.45,0.6297739747880239,-72.69801147984226,-4.381282107888107,520
0.14,0.05,0.08,0.45,0.6296537777046795,-73.56575769046356,-10.992352808919803,493
0.12,0.03,0.1,0.5,0.6286776207071998,-67.54779235769212,-36.02006691036036,580
0.12,0.05,0.08,0.5,0.6280304325761933,-73.9426758934402,-32.88168431780658,529
0.16,0.05,0.08,0.45,0.6272665453359171,-68.90584966102067,-5.1548177358929586,443
0.16,0.04,0.1,0.45,0.6270755975282801,-69.97019950824938,-3.6246115578959737,433
0.14,0.05,0.12,0.4,0.6246051186512389,-68.31366873090236,-10.210735116676384,452
0.16,0.03,0.1,0.4,0.6235913880114877,-69.4019220120146,-2.3567713339405882,460
0.16,0.04,0.08,0.4,0.6227638326247212,-67.82976477445051,-3.9994554985426034,477
0.08,0.04,0.12,0.4,0.6218721097318941,-78.26529252474326,-57.789090070382244,738
0.14,0.04,0.12,0.45,0.6205732929669905,-73.4457976311339,-5.117390300573255,472
0.12,0.04,0.06,0.5,0.6193238301790985,-74.55380842767421,-46.23192511339268,606
0.16,0.03,0.12,0.45,0.6188663169308398,-70.7929213272113,-5.514254228894133,444
0.12,0.04,0.12,0.5,0.6171430348904461,-71.76757336801089,-36.04925056977887,513
0.14,0.04,0.1,0.45,0.6169096902641774,-73.69412241059008,-5.429424557642825,483
0.16,0.05,0.1,0.45,0.6164563702009989,-70.5324858930578,-3.744103194250903,411
0.14,0.04,0.12,0.4,0.6163143480426856,-69.09537994649675,-5.866604238899365,476
0.16,0.05,0.12,0.45,0.614026449352015,-70.78792892709063,-3.0243388745640254,400
0.16,0.04,0.12,0.45,0.6138991852798652,-70.2083683259088,-2.5589054285256263,414
0.14,0.05,0.1,0.45,0.6138390326987946,-72.4660859448903,-4.793649662412602,458
0.16,0.04,0.1,0.4,0.6137482618500734,-69.48363745995815,-2.043485769186071,438
0.14,0.05,0.12,0.45,0.6130104983261078,-70.80892983185535,-3.5891675157190717,448
0.12,0.04,0.1,0.5,0.6129157646371846,-69.50626184202704,-37.860434268486046,537
0.08,0.05,0.1,0.4,0.6115411380345481,-77.76128971709542,-60.18184062989212,718
0.14,0.04,0.1,0.5,0.6102494599621713,-73.43074098347951,-9.137177706688304,476
0.14,0.03,0.1,0.5,0.610108223872257,-73.5997617946849,-8.39655950655126,516
0.14,0.05,0.1,0.5,0.6072826207897594,-72.87608043802794,-0.7122391812323325,440
0.16,0.04,0.12,0.4,0.6072448365149725,-69.72180627761759,-0.8932128725400279,421
0.12,0.03,0.08,0.5,0.6056989485626468,-70.2534326859393,-45.217761767521914,616
0.16,0.03,0.12,0.4,0.6055746520561394,-69.60799369576732,-1.667106159703502,447
0.16,0.05,0.08,0.4,0.6019461137049736,-68.21605209572354,-2.754147728041867,451
0.14,0.03,0.12,0.5,0.6015166048378628,-72.80646379492613,-7.45017491265727,500
0.18,0.03,0.04,0.45,0.6011452784710467,-78.24962687415905,-18.389593256741254,503
0.14,0.04,0.12,0.5,0.6011087273777961,-72.73633659574715,-7.429604140547175,451
0.18,0.05,0.04,0.5,0.6001346961090696,-75.61935441168991,-18.136859542360607,412
0.12,0.04,0.08,0.5,0.5978328829041129,-73.64008498128604,-42.061290440787204,563
0.08,0.05,0.08,0.4,0.5975582329945436,-75.2719317649279,-61.269332868232716,741
0.16,0.05,0.1,0.4,0.5971611361648308,-69.8426883277607,-1.7728508497527495,415
0.08,0.05,0.12,0.4,0.5965831734349816,-77.46210651625601,-59.02053774273999,708
0.18,0.04,0.04,0.5,0.5949964101287449,-74.44687390509863,-18.12103505389857,431
0.16,0.05,0.12,0.4,0.58856365115294,-70.09813136179352,-1.9725589380086284,406
0.18,0.03,0.04,0.5,0.5848842049558189,-77.98244828339213,-19.2245219874262,471
0.14,0.05,0.12,0.5,0.5841038032766671,-68.91298332233792,0.2210875595390016,419
0.18,0.02,0.04,0.5,0.5836963778758435,-74.13182182818086,-21.086435016431658,510
0.18,0.03,0.04,0.4,0.5712665416950813,-77.94788783726328,-22.08841179494615,520
0.18,0.02,0.04,0.45,0.5642723201333031,-74.47635446280911,-24.49440588596342,553
0.18,0.03,0.06,0.45,0.5642509236120571,-74.93910953808486,-18.9711095454699,436
0.18,0.04,0.04,0.45,0.5617114182471361,-74.39490023012225,-15.558951580455748,459
0.18,0.05,0.04,0.4,0.5595265861276063,-75.21948232493986,-21.330796297545984,448
0.18,0.05,0.04,0.45,0.5579001519165144,-75.2292651304132,-16.247656123251208,437
0.18,0.02,0.04,0.4,0.5465011057523861,-74.23248335985038,-23.421753844547066,575
0.18,0.04,0.04,0.4,0.5450376167063734,-74.38511742464894,-20.876730604612504,468
0.18,0.03,0.06,0.4,0.544825013044063,-75.0879317716359,-23.73232688717707,453
0.18,0.02,0.06,0.45,0.5420874023978335,-71.2208237881441,-20.104279221135524,487
0.18,0.02,0.06,0.5,0.5318016831957328,-70.71618407138533,-22.49795459032101,447
0.18,0.03,0.08,0.45,0.5312943477313629,-68.8044531317135,-22.08709444666419,394
0.18,0.03,0.06,0.5,0.5250449459897357,-74.81478447666822,-21.251049895748164,406
0.18,0.05,0.06,0.45,0.5210806193828506,-72.2699862962054,-16.290641987658226,374
0.18,0.05,0.06,0.4,0.5199506411847342,-72.180858836069,-21.824371111853267,385
0.18,0.04,0.06,0.45,0.5186233954382583,-71.4885587335504,-17.376241144587524,405
0.18,0.02,0.06,0.4,0.5157991253729426,-71.33116793019579,-25.195746051309452,507
0.18,0.02,0.08,0.5,0.514005213942267,-68.26148129275074,-22.226734265202975,410
0.18,0.03,0.08,0.4,0.5132951616873221,-68.65793649486123,-20.063350593801676,404
0.18,0.05,0.06,0.5,0.5124074535776398,-72.17945304138365,-18.807845948045664,359
0.18,0.03,0.08,0.5,0.5118372270444671,-68.79041334112512,-22.76203243664603,372
0.18,0.04,0.06,0.5,0.5076207280082489,-71.27909441278779,-19.33411959037432,378
0.18,0.04,0.06,0.4,0.5062835633631266,-71.70765091403901,-23.54314023155514,418
0.18,0.02,0.08,0.45,0.5043272768531852,-68.42774831640949,-26.901194236880432,437
0.18,0.05,0.08,0.5,0.5014888838479807,-67.74396627457105,-18.618229009167585,324
0.18,0.05,0.08,0.45,0.4931006962839706,-67.42621830226574,-17.168805094967333,338
0.18,0.04,0.08,0.5,0.4928347104183934,-66.71404624320286,-19.389602504224236,341
0.18,0.04,0.08,0.45,0.4913861169611487,-65.48092678415878,-19.841217482517372,366
0.18,0.02,0.08,0.4,0.4899910951158757,-68.28123167955724,-25.110574645114568,446
0.18,0.05,0.08,0.4,0.48656685765080215,-67.170609403504,-16.700157393336333,344
0.18,0.04,0.08,0.4,0.4844413871195585,-65.79895449164388,-19.686259301578534,372
0.18,0.03,0.1,0.5,0.4832150909996964,-64.90220799245445,-19.495862304144485,339
0.18,0.03,0.12,0.5,0.48224983704091795,-65.93811567171105,-19.63947230819578,325
0.18,0.02,0.1,0.5,0.4788720247103656,-60.64470331145153,-21.19262738908596,375
0.18,0.02,0.12,0.5,0.4757995965673067,-61.75025315735939,-21.050351999644,358
0.18,0.04,0.12,0.5,0.4692145870552034,-66.6633811583387,-18.36729217633055,297
0.18,0.05,0.1,0.5,0.46501114905448904,-68.18324678895299,-19.815099218543043,300
0.18,0.05,0.12,0.5,0.4648493923808756,-65.68221187619513,-16.62590343171403,283
0.18,0.03,0.1,0.45,0.4641909939719539,-64.42809850187292,-23.819774112885916,356
0.18,0.03,0.12,0.45,0.4604111172653394,-65.46400618112952,-23.615698290167096,341
0.18,0.02,0.1,0.45,0.4587726865650193,-60.3228210539404,-25.747093591219205,400
0.18,0.03,0.1,0.4,0.4569038613594921,-64.28158186502067,-22.284336602572818,365
0.18,0.02,0.1,0.4,0.4547614620086542,-60.17630441708813,-24.40392941772552,410
0.18,0.03,0.12,0.4,0.4539779586700942,-65.31748954427725,-22.1286122704494,348
0.18,0.04,0.1,0.5,0.45363516114047014,-66.21444530375162,-20.040821293368772,315
0.18,0.05,0.1,0.4,0.44603649053417804,-67.12174063671605,-17.194830687584716,317
0.18,0.04,0.1,0.45,0.44551095815477,-65.00183360670151,-18.53118736914029,328
0.18,0.02,0.12,0.45,0.4437788059322389,-61.428370899848275,-25.72059797609284,374
0.18,0.05,0.1,0.45,0.442573866963647,-67.37734953547778,-17.84878267371608,310
0.18,0.04,0.1,0.4,0.4416854819485082,-64.74622470793977,-18.302702834947414,334
0.18,0.02,0.12,0.4,0.4404742615629299,-61.281854262995985,-24.42578529319451,382
0.18,0.04,0.12,0.45,0.4375858520814511,-65.01087642698732,-21.427776992640002,313
0.18,0.04,0.12,0.4,0.43611645500637714,-64.7552675282256,-20.90392894144436,318
0.18,0.05,0.12,0.4,0.42771773051461054,-64.62070572395821,-19.280502913972708,299
0.18,0.05,0.12,0.45,0.4256843020754301,-64.87631462271992,-18.96580884478357,295
